name,tags,img_url,product_url
"Tooth Fairy Pillow Girl, Plush Stuffed Tooth Pillow, Tooth Fairy Door Hanger, First Tooth Keepsake Box, First Lost Tooth Holder, Tooth Gift","Door Hanger Tooth Fairy Pillow,Tooth Fairy Pillow Free Shipping,Tooth Fairy Pillow With Note,Tooth Fairy Pillow for Door,Personalized Tooth Fairy Pillows,Tooth Fairy Girl Pillow,Tooth Fairy Pillow Holder,Tooth Fairy Hanging Pillow,Tooth Fairy Pillow With Pocket,Tooth Fairy Boy Pillow,Tooth Fairy Pillow Boho,Tooth Fairy Teeth Holder,Tooth Fairy Pillow Diy",https://i.etsystatic.com/6780165/r/il/d76363/5038616912/il_fullxfull.5038616912_fz8v.jpg,https://www.etsy.com/listing/1497861056/tooth-fairy-pillow-girl-plush-stuffed?click_key=800d2e0dc2aff791fe9a13fd3afe887a0a361d22%3A1497861056&click_sum=40416cd6&ref=shop_home_active_1&pro=1&sts=1
"Tooth Fairy Pillow Girl, Plush Stuffed Tooth Pillow, Tooth Fairy Door Hanger, First Tooth Keepsake Box, First Lost Tooth Holder, Tooth Gift","Door Hanger Tooth Fairy Pillow,Tooth Fairy Pillow Free Shipping,Tooth Fairy Pillow With Note,Tooth Fairy Pillow for Door,Personalized Tooth Fairy Pillows,Tooth Fairy Girl Pillow,Tooth Fairy Pillow Holder,Tooth Fairy Hanging Pillow,Tooth Fairy Pillow With Pocket,Tooth Fairy Boy Pillow,Tooth Fairy Pillow Boho,Tooth Fairy Teeth Holder,Tooth Fairy Pillow Diy",https://i.etsystatic.com/6780165/r/il/50659e/5086857493/il_fullxfull.5086857493_o85a.jpg,https://www.etsy.com/listing/1497861056/tooth-fairy-pillow-girl-plush-stuffed?click_key=800d2e0dc2aff791fe9a13fd3afe887a0a361d22%3A1497861056&click_sum=40416cd6&ref=shop_home_active_1&pro=1&sts=1
"Tooth Fairy Pillow Girl, Plush Stuffed Tooth Pillow, Tooth Fairy Door Hanger, First Tooth Keepsake Box, First Lost Tooth Holder, Tooth Gift","Door Hanger Tooth Fairy Pillow,Tooth Fairy Pillow Free Shipping,Tooth Fairy Pillow With Note,Tooth Fairy Pillow for Door,Personalized Tooth Fairy Pillows,Tooth Fairy Girl Pillow,Tooth Fairy Pillow Holder,Tooth Fairy Hanging Pillow,Tooth Fairy Pillow With Pocket,Tooth Fairy Boy Pillow,Tooth Fairy Pillow Boho,Tooth Fairy Teeth Holder,Tooth Fairy Pillow Diy",https://i.etsystatic.com/6780165/r/il/3c4780/4256260370/il_fullxfull.4256260370_tn3i.jpg,https://www.etsy.com/listing/1497861056/tooth-fairy-pillow-girl-plush-stuffed?click_key=800d2e0dc2aff791fe9a13fd3afe887a0a361d22%3A1497861056&click_sum=40416cd6&ref=shop_home_active_1&pro=1&sts=1
"Tooth Fairy Pillow Girl, Plush Stuffed Tooth Pillow, Tooth Fairy Door Hanger, First Tooth Keepsake Box, First Lost Tooth Holder, Tooth Gift","Door Hanger Tooth Fairy Pillow,Tooth Fairy Pillow Free Shipping,Tooth Fairy Pillow With Note,Tooth Fairy Pillow for Door,Personalized Tooth Fairy Pillows,Tooth Fairy Girl Pillow,Tooth Fairy Pillow Holder,Tooth Fairy Hanging Pillow,Tooth Fairy Pillow With Pocket,Tooth Fairy Boy Pillow,Tooth Fairy Pillow Boho,Tooth Fairy Teeth Holder,Tooth Fairy Pillow Diy",https://i.etsystatic.com/6780165/r/il/945728/5086804865/il_fullxfull.5086804865_kopd.jpg,https://www.etsy.com/listing/1497861056/tooth-fairy-pillow-girl-plush-stuffed?click_key=800d2e0dc2aff791fe9a13fd3afe887a0a361d22%3A1497861056&click_sum=40416cd6&ref=shop_home_active_1&pro=1&sts=1
"Tooth Fairy Pillow Girl, Plush Stuffed Tooth Pillow, Tooth Fairy Door Hanger, First Tooth Keepsake Box, First Lost Tooth Holder, Tooth Gift","Door Hanger Tooth Fairy Pillow,Tooth Fairy Pillow Free Shipping,Tooth Fairy Pillow With Note,Tooth Fairy Pillow for Door,Personalized Tooth Fairy Pillows,Tooth Fairy Girl Pillow,Tooth Fairy Pillow Holder,Tooth Fairy Hanging Pillow,Tooth Fairy Pillow With Pocket,Tooth Fairy Boy Pillow,Tooth Fairy Pillow Boho,Tooth Fairy Teeth Holder,Tooth Fairy Pillow Diy",https://i.etsystatic.com/6780165/r/il/ee635c/5086837709/il_fullxfull.5086837709_ia2t.jpg,https://www.etsy.com/listing/1497861056/tooth-fairy-pillow-girl-plush-stuffed?click_key=800d2e0dc2aff791fe9a13fd3afe887a0a361d22%3A1497861056&click_sum=40416cd6&ref=shop_home_active_1&pro=1&sts=1
"Tooth Fairy Pillow Girl, Plush Stuffed Tooth Pillow, Tooth Fairy Door Hanger, First Tooth Keepsake Box, First Lost Tooth Holder, Tooth Gift","Door Hanger Tooth Fairy Pillow,Tooth Fairy Pillow Free Shipping,Tooth Fairy Pillow With Note,Tooth Fairy Pillow for Door,Personalized Tooth Fairy Pillows,Tooth Fairy Girl Pillow,Tooth Fairy Pillow Holder,Tooth Fairy Hanging Pillow,Tooth Fairy Pillow With Pocket,Tooth Fairy Boy Pillow,Tooth Fairy Pillow Boho,Tooth Fairy Teeth Holder,Tooth Fairy Pillow Diy",https://i.etsystatic.com/6780165/r/il/3fba79/5086852479/il_fullxfull.5086852479_sv77.jpg,https://www.etsy.com/listing/1497861056/tooth-fairy-pillow-girl-plush-stuffed?click_key=800d2e0dc2aff791fe9a13fd3afe887a0a361d22%3A1497861056&click_sum=40416cd6&ref=shop_home_active_1&pro=1&sts=1
"Tooth Fairy Pillow Girl, Plush Stuffed Tooth Pillow, Tooth Fairy Door Hanger, First Tooth Keepsake Box, First Lost Tooth Holder, Tooth Gift","Door Hanger Tooth Fairy Pillow,Tooth Fairy Pillow Free Shipping,Tooth Fairy Pillow With Note,Tooth Fairy Pillow for Door,Personalized Tooth Fairy Pillows,Tooth Fairy Girl Pillow,Tooth Fairy Pillow Holder,Tooth Fairy Hanging Pillow,Tooth Fairy Pillow With Pocket,Tooth Fairy Boy Pillow,Tooth Fairy Pillow Boho,Tooth Fairy Teeth Holder,Tooth Fairy Pillow Diy",https://i.etsystatic.com/6780165/r/il/a8d9fd/5086847321/il_fullxfull.5086847321_toix.jpg,https://www.etsy.com/listing/1497861056/tooth-fairy-pillow-girl-plush-stuffed?click_key=800d2e0dc2aff791fe9a13fd3afe887a0a361d22%3A1497861056&click_sum=40416cd6&ref=shop_home_active_1&pro=1&sts=1
"Tooth Fairy Pillow Girl, Plush Stuffed Tooth Pillow, Tooth Fairy Door Hanger, First Tooth Keepsake Box, First Lost Tooth Holder, Tooth Gift","Door Hanger Tooth Fairy Pillow,Tooth Fairy Pillow Free Shipping,Tooth Fairy Pillow With Note,Tooth Fairy Pillow for Door,Personalized Tooth Fairy Pillows,Tooth Fairy Girl Pillow,Tooth Fairy Pillow Holder,Tooth Fairy Hanging Pillow,Tooth Fairy Pillow With Pocket,Tooth Fairy Boy Pillow,Tooth Fairy Pillow Boho,Tooth Fairy Teeth Holder,Tooth Fairy Pillow Diy",https://i.etsystatic.com/6780165/r/il/b60925/4542414658/il_fullxfull.4542414658_tcfn.jpg,https://www.etsy.com/listing/1497861056/tooth-fairy-pillow-girl-plush-stuffed?click_key=800d2e0dc2aff791fe9a13fd3afe887a0a361d22%3A1497861056&click_sum=40416cd6&ref=shop_home_active_1&pro=1&sts=1
"Tooth Fairy Pillow Girl, Plush Stuffed Tooth Pillow, Tooth Fairy Door Hanger, First Tooth Keepsake Box, First Lost Tooth Holder, Tooth Gift","Door Hanger Tooth Fairy Pillow,Tooth Fairy Pillow Free Shipping,Tooth Fairy Pillow With Note,Tooth Fairy Pillow for Door,Personalized Tooth Fairy Pillows,Tooth Fairy Girl Pillow,Tooth Fairy Pillow Holder,Tooth Fairy Hanging Pillow,Tooth Fairy Pillow With Pocket,Tooth Fairy Boy Pillow,Tooth Fairy Pillow Boho,Tooth Fairy Teeth Holder,Tooth Fairy Pillow Diy",https://i.etsystatic.com/6780165/r/il/f2cf65/4256257796/il_fullxfull.4256257796_tc46.jpg,https://www.etsy.com/listing/1497861056/tooth-fairy-pillow-girl-plush-stuffed?click_key=800d2e0dc2aff791fe9a13fd3afe887a0a361d22%3A1497861056&click_sum=40416cd6&ref=shop_home_active_1&pro=1&sts=1
"Tooth Fairy Pillow Girl, Plush Stuffed Tooth Pillow, Tooth Fairy Door Hanger, First Tooth Keepsake Box, First Lost Tooth Holder, Tooth Gift","Door Hanger Tooth Fairy Pillow,Tooth Fairy Pillow Free Shipping,Tooth Fairy Pillow With Note,Tooth Fairy Pillow for Door,Personalized Tooth Fairy Pillows,Tooth Fairy Girl Pillow,Tooth Fairy Pillow Holder,Tooth Fairy Hanging Pillow,Tooth Fairy Pillow With Pocket,Tooth Fairy Boy Pillow,Tooth Fairy Pillow Boho,Tooth Fairy Teeth Holder,Tooth Fairy Pillow Diy",https://i.etsystatic.com/6780165/r/il/4a5631/5038620482/il_fullxfull.5038620482_he8b.jpg,https://www.etsy.com/listing/1497861056/tooth-fairy-pillow-girl-plush-stuffed?click_key=800d2e0dc2aff791fe9a13fd3afe887a0a361d22%3A1497861056&click_sum=40416cd6&ref=shop_home_active_1&pro=1&sts=1
